n,bytes,impl,ns_per_call,ns_per_elem,gb_per_s,cycles_per_elem,rsd_pct,best_ns_per_call
8,32,serial_welford,9.4661,1.183263,3.3805,4.271133,0.20,9.4349
8,32,avx2_welford,15.1573,1.894656,2.1112,6.838950,0.04,15.1485
8,32,scalar_sumsq,3.0347,0.379337,10.5447,1.369265,3.30,2.9886
8,32,serial_autovec,9.3966,1.174575,3.4055,4.239758,0.49,9.3862
8,32,avx2_welford_o3,13.9496,1.743706,2.2940,6.294090,0.10,13.9381
8,32,avx2_welford_opt_f,13.9990,1.749875,2.2859,6.316358,0.14,13.9696
8,32,avx2_welford_opt_d,10.4070,1.300875,3.0749,4.695653,0.06,10.4005
8,32,avx2_welford_fma1,19.1476,2.393450,1.6712,8.639406,0.04,19.1369
32,128,serial_welford,62.3589,1.948715,2.0526,7.034096,0.10,62.3320
32,128,avx2_welford,18.5108,0.578463,6.9149,2.088020,0.07,18.5041
32,128,scalar_sumsq,9.5318,0.297867,13.4288,1.075182,0.80,9.3727
32,128,serial_autovec,62.3914,1.949732,2.0516,7.037758,0.04,62.3569
32,128,avx2_welford_o3,17.8288,0.557152,7.1794,2.011101,0.07,17.8220
32,128,avx2_welford_opt_f,39.3000,1.228125,3.2570,4.433047,0.22,39.2726
32,128,avx2_welford_opt_d,16.2549,0.507966,7.8745,1.833553,0.02,16.2517
32,128,avx2_welford_fma1,21.6776,0.677423,5.9047,2.445231,0.43,21.6537
128,512,serial_welford,400.8422,3.131580,1.2773,11.303766,1.24,393.5362
128,512,avx2_welford,35.5990,0.278117,14.3824,1.003894,0.04,35.5834
128,512,scalar_sumsq,46.5785,0.363894,10.9922,1.313515,1.43,46.1388
128,512,serial_autovec,393.4737,3.074014,1.3012,11.095969,0.76,393.1903
128,512,avx2_welford_o3,36.2274,0.283027,14.1329,1.021615,0.13,36.2165
128,512,avx2_welford_opt_f,47.8978,0.374201,10.6894,1.350719,0.41,47.8774
128,512,avx2_welford_opt_d,36.3140,0.283703,14.0993,1.024053,0.03,36.3068
128,512,avx2_welford_fma1,34.8798,0.272499,14.6790,0.983610,0.88,34.2750
512,2048,serial_welford,1728.7035,3.376374,1.1847,12.187378,0.61,1725.5298
512,2048,avx2_welford,131.9780,0.257770,15.5177,0.930446,0.03,131.9292
512,2048,scalar_sumsq,205.6115,0.401585,9.9605,1.449563,0.18,205.3118
512,2048,serial_autovec,1728.9733,3.376901,1.1845,12.189284,0.26,1726.4329
512,2048,avx2_welford_o3,134.8843,0.263446,15.1834,0.950936,0.03,134.8278
512,2048,avx2_welford_opt_f,86.4522,0.168852,23.6894,0.609490,0.10,86.3957
512,2048,avx2_welford_opt_d,115.1986,0.224997,17.7780,0.812151,1.48,114.9004
512,2048,avx2_welford_fma1,106.5418,0.208089,19.2225,0.751120,0.47,106.2769
2048,8192,serial_welford,7055.5540,3.445095,1.1611,12.435423,0.02,7053.5091
2048,8192,avx2_welford,525.5555,0.256619,15.5873,0.926292,0.99,525.2880
2048,8192,scalar_sumsq,834.7150,0.407576,9.8141,1.471188,0.81,834.0473
2048,8192,serial_autovec,7056.9766,3.445789,1.1608,12.437933,0.28,7055.3298
2048,8192,avx2_welford_o3,527.7858,0.257708,15.5214,0.930224,0.09,527.1131
2048,8192,avx2_welford_opt_f,246.5468,0.120384,33.2270,0.434539,0.03,246.4489
2048,8192,avx2_welford_opt_d,432.8163,0.211336,18.9272,0.762840,0.10,432.4126
2048,8192,avx2_welford_fma1,416.2819,0.203263,19.6790,0.733698,0.76,415.7725
8192,32768,serial_welford,28374.9149,3.463735,1.1548,12.502715,0.02,28365.9194
8192,32768,avx2_welford,2100.9149,0.256459,15.5970,0.925717,1.21,2098.8631
8192,32768,scalar_sumsq,3355.4686,0.409603,9.7656,1.478505,0.87,3349.7868
8192,32768,serial_autovec,28445.2144,3.472316,1.1520,12.533693,0.60,28375.2059
8192,32768,avx2_welford_o3,2105.3688,0.257003,15.5640,0.927679,0.21,2101.1449
8192,32768,avx2_welford_opt_f,887.1231,0.108291,36.9374,0.390889,0.97,885.8049
8192,32768,avx2_welford_opt_d,1705.8153,0.208229,19.2096,0.751626,0.12,1704.7601
8192,32768,avx2_welford_fma1,1654.8378,0.202007,19.8013,0.729164,0.84,1653.3198
12288,49152,serial_welford,42603.2437,3.467061,1.1537,12.514713,1.98,42570.6359
12288,49152,avx2_welford,3156.9123,0.256910,15.5696,0.927344,0.87,3148.2001
12288,49152,scalar_sumsq,5029.1108,0.409270,9.7735,1.477302,0.07,5027.4056
12288,49152,serial_autovec,42790.1165,3.482269,1.1487,12.569610,0.75,42604.0138
12288,49152,avx2_welford_o3,3159.7166,0.257138,15.5558,0.928168,0.15,3149.1950
12288,49152,avx2_welford_opt_f,1311.9462,0.106766,37.4650,0.385385,0.05,1311.3333
12288,49152,avx2_welford_opt_d,2555.4472,0.207963,19.2342,0.750663,0.11,2553.3696
12288,49152,avx2_welford_fma1,2485.6650,0.202284,19.7742,0.730165,1.40,2482.1775
32768,131072,serial_welford,115076.8957,3.511868,1.1390,12.676455,1.06,113639.8104
32768,131072,avx2_welford,8397.2114,0.256263,15.6090,0.925007,0.32,8394.7157
32768,131072,scalar_sumsq,13436.6290,0.410053,9.7548,1.480131,0.07,13420.9578
32768,131072,serial_autovec,113739.0661,3.471041,1.1524,12.529075,0.96,113683.0296
32768,131072,avx2_welford_o3,8417.8302,0.256892,15.5708,0.927278,0.11,8403.3541
32768,131072,avx2_welford_opt_f,3445.3096,0.105143,38.0436,0.379523,0.76,3443.4639
32768,131072,avx2_welford_opt_d,6801.1833,0.207556,19.2719,0.749193,0.06,6796.2190
32768,131072,avx2_welford_fma1,6697.3399,0.204387,19.5708,0.737754,1.42,6610.9397
131072,524288,serial_welford,454933.3333,3.470866,1.1525,12.528460,0.68,454621.4612
131072,524288,avx2_welford,33606.6443,0.256398,15.6007,0.925496,0.18,33580.9060
131072,524288,scalar_sumsq,53723.4031,0.409877,9.7590,1.479494,0.06,53697.7992
131072,524288,serial_autovec,455055.7078,3.471800,1.1521,12.531821,0.03,454944.2922
131072,524288,avx2_welford_o3,34298.9865,0.261680,15.2858,0.944563,1.18,33679.5608
131072,524288,avx2_welford_opt_f,13679.2369,0.104364,38.3273,0.376714,0.17,13671.9259
131072,524288,avx2_welford_opt_d,27203.2671,0.207544,19.2730,0.749153,1.21,27171.2769
131072,524288,avx2_welford_fma1,26458.8360,0.201865,19.8152,0.728653,0.09,26420.9259
327680,1310720,serial_welford,1138312.6437,3.473855,1.1515,12.539232,1.32,1137322.9885
327680,1310720,avx2_welford,84665.0502,0.258377,15.4812,0.932640,0.51,84485.5351
327680,1310720,scalar_sumsq,135000.4027,0.411989,9.7090,1.487115,0.42,134731.5436
327680,1310720,serial_autovec,1137559.7701,3.471557,1.1522,12.530950,0.04,1137174.7126
327680,1310720,avx2_welford_o3,84432.4895,0.257668,15.5239,0.930078,0.21,84359.4093
327680,1310720,avx2_welford_opt_f,34546.9761,0.105429,37.9402,0.380557,0.54,34394.6203
327680,1310720,avx2_welford_opt_d,68796.2610,0.209950,19.0522,0.757834,1.43,68247.0428
327680,1310720,avx2_welford_fma1,66557.1995,0.203116,19.6931,0.733170,0.75,66446.1030
1048576,4194304,serial_welford,3642423.0769,3.473685,1.1515,12.538638,1.14,3639619.2308
1048576,4194304,avx2_welford,269671.8499,0.257179,15.5534,0.928315,0.11,269140.4826
1048576,4194304,scalar_sumsq,432531.7181,0.412494,9.6971,1.488942,1.22,430497.3568
1048576,4194304,serial_autovec,3644366.6667,3.475539,1.1509,12.545317,1.14,3640388.8889
1048576,4194304,avx2_welford_o3,269946.7568,0.257441,15.5375,0.929261,0.12,269620.2703
1048576,4194304,avx2_welford_opt_f,112208.9207,0.107011,37.3794,0.386267,1.56,109708.5903
1048576,4194304,avx2_welford_opt_d,217876.7442,0.207783,19.2508,0.750016,0.89,217707.9070
1048576,4194304,avx2_welford_fma1,211879.2373,0.202064,19.7957,0.729370,0.09,211708.6864
4194304,16777216,serial_welford,14563166.6667,3.472130,1.1520,12.533023,0.12,14556216.6667
4194304,16777216,avx2_welford,1161555.5556,0.276936,14.4437,0.999631,5.98,1129171.1111
4194304,16777216,scalar_sumsq,1842978.5714,0.439400,9.1033,1.586061,7.69,1798346.4286
4194304,16777216,serial_autovec,14772966.6667,3.522150,1.1357,12.713574,1.17,14567316.6667
4194304,16777216,avx2_welford_o3,1243663.4146,0.296512,13.4902,1.070293,8.05,1181581.7073
4194304,16777216,avx2_welford_opt_f,681972.5352,0.162595,24.6010,0.586903,4.60,605329.5775
4194304,16777216,avx2_welford_opt_d,1096240.4040,0.261364,15.3043,0.943420,11.59,1078336.3636
4194304,16777216,avx2_welford_fma1,998080.5195,0.237961,16.8095,0.858945,2.85,970879.2208
6553600,26214400,serial_welford,22775250.0000,3.475227,1.1510,12.544192,1.08,22746650.0000
6553600,26214400,avx2_welford,2006017.9487,0.306094,13.0679,1.104878,4.13,1944623.0769
6553600,26214400,scalar_sumsq,3034759.3750,0.463068,8.6380,1.671490,7.49,2921925.0000
6553600,26214400,serial_autovec,22796750.0000,3.478508,1.1499,12.556033,0.74,22752300.0000
6553600,26214400,avx2_welford_o3,1904472.5000,0.290599,13.7647,1.048950,3.10,1873465.0000
6553600,26214400,avx2_welford_opt_f,1117198.9691,0.170471,23.4644,0.615333,1.51,1101458.7629
6553600,26214400,avx2_welford_opt_d,2101452.3810,0.320656,12.4744,1.157442,14.31,1681647.6190
6553600,26214400,avx2_welford_fma1,1985553.6585,0.302971,13.2026,1.093607,2.37,1917097.5610
16777216,67108864,serial_welford,58246700.0000,3.471774,1.1521,12.531728,0.04,58234300.0000
16777216,67108864,avx2_welford,6558794.1176,0.390935,10.2319,1.411119,7.92,6150276.4706
16777216,67108864,scalar_sumsq,8857775.0000,0.527965,7.5763,1.905744,17.38,8492137.5000
16777216,67108864,serial_autovec,59493000.0000,3.546059,1.1280,12.799870,0.03,59488500.0000
16777216,67108864,avx2_welford_o3,6211738.8889,0.370248,10.8036,1.336451,8.23,6120544.4444
16777216,67108864,avx2_welford_opt_f,4716700.0000,0.281137,14.2279,1.014794,2.67,4502142.8571
16777216,67108864,avx2_welford_opt_d,5680094.4444,0.338560,11.8147,1.222069,4.04,5409094.4444
16777216,67108864,avx2_welford_fma1,5293123.5294,0.315495,12.6785,1.138810,4.62,4892094.1176
33554432,134217728,serial_welford,117892000.0000,3.513455,1.1385,12.682181,1.61,116502100.0000
33554432,134217728,avx2_welford,11566966.6667,0.344722,11.6035,1.244312,2.55,11236783.3333
33554432,134217728,scalar_sumsq,15585200.0000,0.464475,8.6119,1.676572,0.15,15575100.0000
33554432,134217728,serial_autovec,116555100.0000,3.473613,1.1515,12.538363,0.03,116527400.0000
33554432,134217728,avx2_welford_o3,10715333.3333,0.319342,12.5258,1.152697,0.64,10712455.5556
33554432,134217728,avx2_welford_opt_f,8513008.3333,0.253707,15.7662,0.915783,1.59,8391216.6667
33554432,134217728,avx2_welford_opt_d,10050155.5556,0.299518,13.3548,1.081141,3.97,10031911.1111
33554432,134217728,avx2_welford_fma1,9287680.0000,0.276794,14.4512,0.999119,0.50,9222860.0000
67108864,268435456,serial_welford,232981400.0000,3.471693,1.1522,12.531439,0.05,232933800.0000
67108864,268435456,avx2_welford,24577275.0000,0.366230,10.9221,1.321945,7.91,22136375.0000
67108864,268435456,scalar_sumsq,31778700.0000,0.473540,8.4470,1.709289,0.86,31313350.0000
67108864,268435456,serial_autovec,233073600.0000,3.473067,1.1517,12.536399,0.06,233057900.0000
67108864,268435456,avx2_welford_o3,24284225.0000,0.361863,11.0539,1.306182,3.81,23444900.0000
67108864,268435456,avx2_welford_opt_f,19187100.0000,0.285910,13.9904,1.032023,17.46,17517080.0000
67108864,268435456,avx2_welford_opt_d,21184475.0000,0.315673,12.6713,1.139455,1.87,21001625.0000
67108864,268435456,avx2_welford_fma1,20009640.0000,0.298167,13.4153,1.076265,2.28,19282000.0000
134217728,536870912,serial_welford,466191300.0000,3.473396,1.1516,12.537579,0.10,466066700.0000
134217728,536870912,avx2_welford,42697700.0000,0.318123,12.5738,1.148297,2.49,42649900.0000
134217728,536870912,scalar_sumsq,60848200.0000,0.453354,8.8231,1.636430,0.24,60609700.0000
134217728,536870912,serial_autovec,466489400.0000,3.475617,1.1509,12.545597,0.21,466358400.0000
134217728,536870912,avx2_welford_o3,43980600.0000,0.327681,12.2070,1.182799,2.53,43708200.0000
134217728,536870912,avx2_welford_opt_f,46297100.0000,0.344940,11.5962,1.245097,12.92,36809800.0000
134217728,536870912,avx2_welford_opt_d,41977750.0000,0.312759,12.7894,1.128935,2.99,41328150.0000
134217728,536870912,avx2_welford_fma1,39958200.0000,0.297712,13.4358,1.074621,1.75,39402100.0000
